{"azero140000": 1791.030029296875, "azero160000": 1789.9205322265625, "azero110000": 1781.160888671875, "azero100000": 1777.6722412109375, "azero130000": 1774.6636962890625, "azero180000": 1774.003173828125, "azero150000": 1773.7578125, "azero190000": 1772.3201904296875, "azero200000": 1771.22802734375, "azero90000": 1760.580810546875, "azero120000": 1759.6649169921875, "azero170000": 1753.9471435546875, "azero80000": 1751.3377685546875, "policynn180000": 1742.125732421875, "policynn160000": 1719.6739501953125, "policynn170000": 1711.7542724609375, "policynn200000": 1710.557861328125, "policynn140000": 1703.0301513671875, "policynn190000": 1696.5240478515625, "policynn120000": 1692.6964111328125, "policynn130000": 1687.1719970703125, "policynn100000": 1669.5089111328125, "policynn110000": 1664.85791015625, "azero160000-t1": 1658.0435791015625, "policynn150000": 1657.039794921875, "azero150000-t1": 1654.8267822265625, "azero170000-t1": 1650.341796875, "azero140000-t1": 1650.298828125, "azero130000-t1": 1649.041015625, "azero90000-t1": 1647.4947509765625, "azero180000-t1": 1646.5906982421875, "azero70000": 1645.2149658203125, "azero110000-t1": 1636.6910400390625, "policynn90000": 1633.287353515625, "azero100000-t1": 1626.83935546875, "valuenn150000": 1625.0533447265625, "azero120000-t1": 1621.13525390625, "azero200000-t1": 1616.6279296875, "valuenn120000": 1615.8790283203125, "azero80000-t1": 1615.7623291015625, "valuenn170000": 1608.0908203125, "valuenn130000": 1604.872802734375, "valuenn180000": 1604.1165771484375, "azero190000-t1": 1603.5537109375, "valuenn140000": 1593.6168212890625, "valuenn100000": 1591.3653564453125, "valuenn110000": 1589.60498046875, "valuenn160000": 1587.7025146484375, "valuenn200000": 1583.7445068359375, "azero50000": 1572.67822265625, "valuenn90000": 1569.6033935546875, "azero60000": 1556.21630859375, "valuenn190000": 1554.2489013671875, "policynn80000": 1552.907958984375, "azero70000-t1": 1509.1248779296875, "policynn70000": 1501.162841796875, "policynn170000-t1": 1471.8203125, "policynn190000-t1": 1463.3372802734375, "azero40000": 1460.9923095703125, "valuenn80000": 1457.4281005859375, "azero60000-t1": 1452.4617919921875, "policynn160000-t1": 1448.4259033203125, "valuenn70000": 1447.748046875, "azero50000-t1": 1419.5274658203125, "policynn60000": 1416.3653564453125, "policynn180000-t1": 1411.68212890625, "policynn200000-t1": 1411.37060546875, "policynn140000-t1": 1374.751220703125, "policynn130000-t1": 1373.6270751953125, "azero30000": 1371.6988525390625, "valuenn60000": 1364.887451171875, "policynn150000-t1": 1347.951171875, "policynn110000-t1": 1335.554443359375, "azero40000-t1": 1318.8739013671875, "policynn100000-t1": 1315.9068603515625, "policynn50000": 1313.670166015625, "policynn120000-t1": 1310.141357421875, "valuenn50000": 1302.0113525390625, "azero10000": 1251.08349609375, "azero20000": 1246.001953125, "policynn90000-t1": 1216.2852783203125, "mcts": 1207.542724609375, "azero30000-t1": 1192.6141357421875, "valuenn40000": 1186.6109619140625, "policynn40000": 1177.79052734375, "policynn80000-t1": 1169.8468017578125, "minimax2": 1152.26708984375, "azero5000": 1127.8656005859375, "policynn70000-t1": 1122.140869140625, "policynn30000": 1104.7393798828125, "azero2000": 1092.5037841796875, "azero20000-t1": 1087.0289306640625, "valuenn30000": 1067.63916015625, "minimax": 1052.6910400390625, "azero1000": 995.2992553710938, "policynn60000-t1": 951.28271484375, "valuenn10000": 934.35888671875, "policynn20000": 913.4989624023438, "valuenn20000": 907.7275390625, "azero10000-t1": 901.6061401367188, "valuenn5000": 884.2259521484375, "policynn50000-t1": 837.8491821289062, "mcts-t1": 832.8408813476562, "azero5000-t1": 813.13134765625, "azero2000-t1": 806.5562744140625, "azero0": 791.1273803710938, "azero1000-t1": 779.267333984375, "human": 769.2301635742188, "valuenn2000": 654.4639282226562, "policynn40000-t1": 633.2134399414062, "valuenn1000": 587.8096313476562, "policynn10000": 548.8134765625, "azero0-t1": 495.9318542480469, "policynn30000-t1": 477.66143798828125, "policynn5000": 317.994384765625, "policynn0": 267.5219421386719, "policynn20000-t1": 254.38914489746094, "policynn10000-t1": 114.57086944580078, "policynn1000": 108.76861572265625, "policynn2000": 78.12730407714844, "policynn5000-t1": 50.01062774658203, "policynn0-t1": 27.30988121032715, "random": 0.0, "policynn1000-t1": -0.00029041519155725837, "policynn2000-t1": -2.5468380451202393, "valuenn0": -32.840309143066406}