{"azero140000": 1446.09912109375, "azero100000": 1436.7554931640625, "azero110000": 1434.0821533203125, "azero160000": 1434.06396484375, "azero130000": 1433.9166259765625, "azero150000": 1433.707275390625, "azero200000": 1428.4613037109375, "azero180000": 1422.685546875, "azero190000": 1422.4769287109375, "azero170000": 1421.7408447265625, "azero120000": 1420.752197265625, "policynn180000": 1416.704345703125, "azero80000": 1413.904296875, "azero90000": 1412.915771484375, "policynn160000": 1392.5950927734375, "policynn170000": 1382.873779296875, "policynn200000": 1382.721435546875, "policynn140000": 1376.7978515625, "policynn120000": 1367.9788818359375, "policynn190000": 1357.885009765625, "policynn130000": 1346.9576416015625, "azero160000-t1": 1342.97412109375, "policynn100000": 1342.0635986328125, "azero90000-t1": 1340.0859375, "azero140000-t1": 1338.671875, "policynn150000": 1338.1846923828125, "azero170000-t1": 1338.0067138671875, "policynn110000": 1336.591064453125, "azero150000-t1": 1333.7508544921875, "azero130000-t1": 1331.6075439453125, "azero70000": 1328.5980224609375, "policynn90000": 1328.5250244140625, "valuenn150000": 1325.6463623046875, "azero110000-t1": 1320.423828125, "azero100000-t1": 1318.9405517578125, "azero180000-t1": 1316.6685791015625, "azero120000-t1": 1313.4404296875, "valuenn180000": 1308.860107421875, "azero200000-t1": 1308.8333740234375, "valuenn130000": 1302.3857421875, "valuenn120000": 1301.3348388671875, "valuenn100000": 1299.8505859375, "azero190000-t1": 1297.4013671875, "azero80000-t1": 1295.0791015625, "valuenn170000": 1292.1676025390625, "valuenn110000": 1291.5687255859375, "valuenn160000": 1289.906982421875, "valuenn200000": 1284.3900146484375, "azero60000": 1280.7286376953125, "valuenn140000": 1278.817138671875, "azero50000": 1273.833251953125, "valuenn90000": 1273.4078369140625, "valuenn190000": 1270.4205322265625, "policynn80000": 1257.329345703125, "azero70000-t1": 1229.5479736328125, "policynn70000": 1208.181396484375, "valuenn80000": 1196.608642578125, "azero40000": 1189.8389892578125, "policynn170000-t1": 1188.201904296875, "policynn190000-t1": 1187.0216064453125, "azero60000-t1": 1181.1480712890625, "policynn160000-t1": 1175.3896484375, "valuenn70000": 1172.416015625, "policynn200000-t1": 1159.6849365234375, "azero50000-t1": 1157.264892578125, "policynn60000": 1146.749267578125, "policynn180000-t1": 1134.9666748046875, "policynn130000-t1": 1119.083251953125, "azero30000": 1116.1202392578125, "policynn140000-t1": 1115.9150390625, "valuenn60000": 1111.1109619140625, "policynn150000-t1": 1102.8291015625, "policynn110000-t1": 1085.064453125, "policynn50000": 1077.6278076171875, "policynn100000-t1": 1073.42626953125, "azero40000-t1": 1072.2735595703125, "policynn120000-t1": 1069.3363037109375, "valuenn50000": 1060.7061767578125, "azero20000": 1012.299560546875, "azero10000": 1000.1708374023438, "policynn90000-t1": 994.0613403320312, "mcts": 977.9712524414062, "azero30000-t1": 969.60498046875, "valuenn40000": 964.2079467773438, "policynn40000": 962.0455322265625, "policynn80000-t1": 954.5050048828125, "azero5000": 944.7982788085938, "minimax2": 937.3519897460938, "policynn70000-t1": 916.2136840820312, "policynn30000": 903.5853881835938, "azero20000-t1": 896.6903076171875, "azero2000": 886.024169921875, "valuenn30000": 879.6397705078125, "minimax": 846.7230224609375, "azero1000": 807.2994384765625, "policynn60000-t1": 787.43408203125, "valuenn10000": 759.193603515625, "policynn20000": 748.2777709960938, "valuenn20000": 748.194091796875, "azero10000-t1": 742.644287109375, "valuenn5000": 721.959716796875, "policynn50000-t1": 684.2699584960938, "azero2000-t1": 678.9147338867188, "mcts-t1": 671.2416381835938, "azero5000-t1": 664.4391479492188, "azero0": 646.8275756835938, "human": 614.4301147460938, "azero1000-t1": 609.8851318359375, "valuenn2000": 524.7455444335938, "policynn40000-t1": 523.7875366210938, "valuenn1000": 478.34466552734375, "policynn10000": 441.0816345214844, "azero0-t1": 429.1393127441406, "policynn30000-t1": 382.1448059082031, "policynn5000": 237.94790649414062, "policynn0": 209.30239868164062, "policynn20000-t1": 199.5968475341797, "policynn10000-t1": 97.3194351196289, "policynn1000": 51.492313385009766, "policynn2000": 33.79757308959961, "policynn5000-t1": 28.651546478271484, "policynn2000-t1": 2.7734694480895996, "random": 0.0, "policynn1000-t1": -4.986096382141113, "policynn0-t1": -9.546601295471191, "valuenn0": -20.993022918701172}